names,price,battery,size
Kechaoda K10,14.28,300,0.66
Kechaoda K10,13.01,300,0.66
Kechaoda K55 Pro,14.76,400,1.8
Kechaoda K55 Pro,14.76,400,1.8
Kechaoda K55 Pro,16.93,400,1.8
Kechaoda K66 The Music House 4,14.76,400,1.8
Kechaoda K66 The Music House 4,14.52,400,1.8
Kechaoda K66 The Music House 4,14.51,400,1.8
Kechaoda K66 The Music House 4,16.93,400,1.8
Energizer M1,9.06,600,1.77
LAVA Hero 600i,11.47,620,1.8
LAVA Hero 600i,11.47,620,1.8
LAVA Hero 600i,11.36,620,1.8
LAVA Hero Punch,11.48,620,1.8
MU M370,15.11,700,1.44
Kechaoda A26,13.55,800,0.66
Kechaoda A26,13.13,800,0.66
Kechaoda A26,13.43,800,0.66
Kechaoda A27,13.55,800,0.66
Kechaoda A27,13.3,800,0.66
Kechaoda A27,13.3,800,0.66
Kechaoda A27,13.13,800,0.66
Kechaoda K33,13.37,800,1.4
Kechaoda K33,13.54,800,1.4
Kechaoda K33,13.6,800,1.4
Kechaoda K33,14.04,800,1.4
Kechaoda K33,14.51,800,1.4
BlackZone PORSCHE 911,17.65,800,1.44
SAMSUNG GT-E1215,18.14,800,1.5
SAMSUNG Guru 1200,22.87,800,1.5
LAVA A1,14.39,800,1.77
LAVA A1 2021,14.02,800,1.77
LAVA A1 2021,13.66,800,1.77
LAVA A1 2021,13.66,800,1.77
LAVA A1 Super 2021,14.51,800,1.77
Micromax J2,11.71,800,1.77
Micromax J2,11.8,800,1.77
Micromax J2,11.28,800,1.77
Micromax S115,11.97,800,1.77
Micromax S115,11.23,800,1.77
Micromax X412,11.8,800,1.77
Micromax X412,11.6,800,1.77
Micromax X413,11.43,800,1.77
Micromax X413,11.76,800,1.77
MTR Ferrari,15.73,800,1.77
MTR Ferrari,15.73,800,1.77
MTR Ferrari,15.73,800,1.77
Nokia 105 SS,15.72,800,1.77
Nokia 105 SS 2021,17.53,800,1.77
Nokia 105 SS 2021,17.3,800,1.77
Nokia 105DS PLUS,18.73,800,1.77
Nokia 110,20.56,800,1.77
Nokia 110 DS,20.81,800,1.77
Nokia 110 DS,20.16,800,1.77
Nokia 110 TA-1302 DS,20.53,800,1.77
Nokia 110 TA-1302 DS,20.56,800,1.77
Nokia TA-1010/105,16.44,800,1.77
Nokia TA-1304/105 SS,17.52,800,1.77
Nokia TA-1459,17.53,800,1.77
KARBONN KX3,11.92,800,1.8
KARBONN KX3,11.92,800,1.8
KARBONN KX3,12.09,800,1.8
LAVA A1 2021,15.48,800,1.8
LAVA Prime X,17.42,800,1.8
Nokia 105 ss,17.91,800,1.8
Nokia TA-1174 / TA-1299,19.24,800,1.8
SAMSUNG GURU MUSIC 2,24.14,800,2
SAMSUNG Guru Music 2,24.14,800,2
SAMSUNG Guru Music 2,25.1,800,2
SAMSUNG Guru Music 2,25.39,800,2
SAMSUNG Guru Music 2,24.14,800,2
SAMSUNG Guru Music 2,24.91,800,2
SAMSUNG Guru Music 2,25.03,800,2
Kechaoda K115,13.9,850,1.44
Kechaoda K115,14.4,850,1.44
Kechaoda K115,14.16,850,1.44
Kechaoda K115,14.04,850,1.44
Kechaoda K115,14.28,850,1.44
Kechaoda K115,13.9,850,1.44
Kechaoda K115,13.85,850,1.44
Kechaoda K115,13.84,850,1.44
BlackZone ECO X,17.29,1000,1.44
BlackZone ECO X,17.53,1000,1.44
I Kall K3310,9,1000,1.77
Micromax S114,13.62,1000,1.77
Micromax S115,11.7,1000,1.77
Micromax X415,12.58,1000,1.77
Micromax X415,11.13,1000,1.77
Micromax X416,11.63,1000,1.77
Micromax X416,11.86,1000,1.77
Nokia 105 PLUS,18.74,1000,1.77
Nokia 105 PLUS,18.74,1000,1.77
Nokia 105 PLUS,16.93,1000,1.77
Nokia 105 PLUS,16.93,1000,1.77
Nokia 105 PLUS SS,16.9,1000,1.77
Nokia 105SS PLUS,16.82,1000,1.77
Nokia 110 Dual Sim 2022,23.34,1000,1.77
BlackZone RANGER,9.91,1000,1.8
Cellecor A5,16.31,1000,1.8
Cellecor A5,16.31,1000,1.8
GREENBERRI RAFALE,10.88,1000,1.8
GREENBERRI RAFALE,10.88,1000,1.8
GREENBERRI VIRAT,10.27,1000,1.8
GREENBERRI VIRAT,10.27,1000,1.8
GREENBERRI VIRAT,10.27,1000,1.8
GREENBERRI VIRAT,10.27,1000,1.8
I Kall k22 Plus,10.51,1000,1.8
I Kall K43,10.76,1000,1.8
I Kall K52,10.15,1000,1.8
itel Ace 2,10.88,1000,1.8
itel Ace 2,11.46,1000,1.8
itel Ace 2N,10.76,1000,1.8
itel Ace 2N,10.76,1000,1.8
itel ACE 2N,10.65,1000,1.8
itel Ace2 Star,10.88,1000,1.8
itel Ace2 Star,10.88,1000,1.8
itel It2171,12.09,1000,1.8
itel It2171,11.48,1000,1.8
itel It2171,12.09,1000,1.8
KARBONN K110i,11.48,1000,1.8
KARBONN K110i,11.48,1000,1.8
KARBONN KU3i,11.97,1000,1.8
LAVA A5,17.06,1000,2.4
LAVA A5,17.17,1000,2.4
LAVA A5,17.06,1000,2.4
Micromax J22,14.98,1000,2.4
Micromax J22,15.06,1000,2.4
Micromax X702,13.55,1000,2.4
PHILIPS Xenium E209,15.67,1000,2.4
Micromax X809,16.81,1000,2.8
Micromax X809,16.93,1000,2.8
Nokia 125 DS 2020,28.37,1020,2.4
Nokia 125 TA-1253 DS,26.62,1020,2.4
Nokia 150 DS 2020,31.19,1020,2.4
Nokia 150 DS 2020,31.18,1020,2.4
Nokia 150 TA-1235 DS,30.24,1020,2.4
MTR STAR,9.06,1100,1.77
Nokia 6310,42.34,1150,2.8
Nokia 6310,42.34,1150,2.8
Nokia 6310,42.34,1150,2.8
itel it2163S,11.97,1200,1.8
itel it2163S,11.97,1200,1.8
itel it2175,13.3,1200,1.8
itel it5026,15.79,1200,2.4
itel Magic X,27.77,1200,2.4
LAVA Flip,23.12,1200,2.4
LAVA Flip,22.61,1200,2.4
LAVA Flip,22.61,1200,2.4
Nokia 3310 DS 2020,45.97,1200,2.4
Nokia 5310 TA-1212 DS,42.94,1200,2.4
Nokia 5310ds,42.94,1200,2.4
Micromax X708,16.32,1450,2.4
Nokia 5710 XA DS,60.49,1450,2.4
Micromax X818,18.27,1450,2.8
Nokia 2660 TA-1480 DS,56.86,1450,2.8
"I Kall King Talking, Contact icon and Auto Call Recording",9.37,1500,1.8
itel Magic3 Smart Touch Keypad,18.14,1500,2.8
itel Magic3 Smart Touch Keypad,18.14,1500,2.8
"Micromax Bharat 2 Plus (Champagne, 8 GB)",43.55,1600,4
"Micromax Bharat 2 Plus (Champagne, 8 GB)",43.55,1600,4
Kechaoda K28,16.09,1700,2.4
Kechaoda K28,16.34,1700,2.4
Kechaoda K28,16.93,1700,2.4
Kechaoda K9,16.34,1700,2.4
Kechaoda K9,16.34,1700,2.4
Kechaoda K9,16.34,1700,2.4
LAVA A3,15.11,1750,1.77
LAVA A3,15.91,1750,1.77
Micromax X512,13.92,1750,1.77
Micromax X512,13.29,1750,1.77
Micromax X513+,13.41,1750,1.77
Motorola a10,17.53,1750,1.8
Motorola a10,17.53,1750,1.8
Micromax X749,16.54,1750,2.4
Motorola a70,23.34,1750,2.4
Motorola a70,23.34,1750,2.4
LAVA GEM,20.32,1750,2.8
LAVA Gem,20.32,1750,2.8
SAREGAMA Carvaan Mobile Malayalam M11,24.08,1800,1.8
LAVA A7 2020,19.11,1800,2.4
LAVA A7 Star,18.48,1800,2.4
Micromax X740,15.96,1800,2.4
Salora Coral,10.88,1800,2.4
Salora Coral,10.88,1800,2.4
KARBONN Jumbo K9,15.9,1800,2.6
KARBONN K9,16.03,1800,2.6
itel MagicX Play,26,1900,1.8
"Itel Magic2 4G (WiFi, Hotspot Tethering)",35.08,1900,2.4
DIZO Star 500,22.63,1900,2.8
"APPLE iPhone 12 mini (Red, 256 GB)",683.64,2227,5.4
ANGAGE ELITE,10.64,2500,1.77
I Kall K20,11.24,2500,1.8
itel Power 100 New,16.15,2500,1.8
itel Power 110,16.03,2500,1.8
itel Power200,16.65,2500,1.8
itel MagicX Pro,31.45,2500,2.4
itel MagicX Pro,31.45,2500,2.4
itel Power 410,18.14,2500,2.4
itel Power 410,18.14,2500,2.4
itel Power 410,18.14,2500,2.4
itel Power 430,19.78,2500,2.4
KARBONN K9 PUNCH,17.97,2500,2.4
KARBONN K9 Punch,17.97,2500,2.4
LAVA 34 Super,19.95,2500,2.4
KARBONN K9 max,19.24,2500,2.6
KARBONN K9 max,19.24,2500,2.6
Easyfone Shield,20.56,2500,2.8
itel IT5626,21.16,2500,2.8
itel IT5626,21.11,2500,2.8
MU M5000,14.27,2500,2.8
MU M5000,15.72,2500,2.8
KARBONN K9 Yuva,15.67,2502,1.8
LAVA A3 Power,18.11,2575,1.77
LAVA A3 Power,16.08,2575,1.77
LAVA 34 Ultra,19.95,2575,2.4
Micromax X778,16.69,2700,2.4
Cellecor R50,17.65,2750,2.4
"APPLE iPhone 12 (Black, 128 GB)",689.69,2815,6.1
"APPLE iPhone 12 (Black, 64 GB)",653.39,2815,6.1
"APPLE iPhone 12 (Green, 64 GB)",653.39,2815,6.1
"APPLE iPhone 12 (Purple, 64 GB)",653.39,2815,6.1
"APPLE iPhone 12 (Red, 128 GB)",689.69,2815,6.1
BlackZone S18,15.22,3000,2.4
itel Muzik 400,19.54,3000,2.4
itel Muzik 400,21.65,3000,2.4
MarQ by Flipkart M70 Shakti,19.35,3000,2.4
Micromax X746,17.55,3000,2.4
Micromax X746,17.55,3000,2.4
"Redmi Go (Black, 8 GB)",70.17,3000,5
"Redmi Go (Blue, 16 GB)",61.09,3000,5
"Nokia C01 Plus (Blue, 16 GB)",62.91,3000,5.45
"Nokia C01 Plus (Grey, 16 GB)",62.91,3000,5.45
"Nokia C01 Plus (Grey, 32 GB)",68.96,3000,5.45
"itel A23S (Sky Cyan, 32 GB)",56.86,3020,5
"APPLE iPhone 13 ((PRODUCT)RED, 128 GB)",762.29,3095,6.1
"APPLE iPhone 13 (Blue, 128 GB)",762.29,3095,6.1
"APPLE iPhone 13 (Blue, 256 GB)",883.29,3095,6.1
"APPLE iPhone 13 (Green, 128 GB)",774.39,3095,6.1
"APPLE iPhone 13 (Green, 256 GB)",895.39,3095,6.1
"APPLE iPhone 13 (Midnight, 128 GB)",762.29,3095,6.1
"APPLE iPhone 13 (Midnight, 256 GB)",883.29,3095,6.1
"APPLE iPhone 13 (Pink, 128 GB)",762.29,3095,6.1
"APPLE iPhone 13 (Starlight, 256 GB)",883.29,3095,6.1
"APPLE iPhone 11 (Black, 128 GB)",568.69,3110,6.1
"APPLE iPhone 11 (Black, 64 GB)",496.09,3110,6.1
"APPLE iPhone 11 (Purple, 64 GB)",520.29,3110,6.1
"APPLE iPhone 11 (Red, 128 GB)",568.69,3110,6.1
"APPLE iPhone 11 (White, 128 GB)",568.69,3110,6.1
"APPLE iPhone 11 (White, 64 GB)",496.09,3110,6.1
"APPLE iPhone 14 Pro (Deep Purple, 128 GB)",1488.29,3200,6.1
"APPLE iPhone 14 Pro (Space Black, 128 GB)",1488.29,3200,6.1
"APPLE iPhone 14 ((PRODUCT)RED, 128 GB)",871.19,3279,6.1
"APPLE iPhone 14 ((PRODUCT)RED, 256 GB)",992.19,3279,6.1
"APPLE iPhone 14 (Blue, 128 GB)",871.19,3279,6.1
"APPLE iPhone 14 (Blue, 256 GB)",992.19,3279,6.1
"APPLE iPhone 14 (Midnight, 128 GB)",871.19,3279,6.1
"APPLE iPhone 14 (Midnight, 256 GB)",992.19,3279,6.1
"APPLE iPhone 14 (Purple, 128 GB)",871.19,3279,6.1
"APPLE iPhone 14 (Purple, 256 GB)",992.19,3279,6.1
"APPLE iPhone 14 (Starlight, 128 GB)",871.19,3279,6.1
"APPLE iPhone 14 (Starlight, 256 GB)",992.19,3279,6.1
"SAMSUNG Galaxy Z Flip3 5G (Cream, 128 GB)",846.99,3300,6.7
"SAMSUNG Galaxy Z Flip3 5G (Phantom Black, 128 GB)",846.99,3300,6.7
"SAMSUNG Galaxy S22 5G (Bora Purple, 128 GB)",641.18,3700,6.1
"SAMSUNG Galaxy S22 5G (Phantom Black, 256 GB)",700.47,3700,6.1
"SAMSUNG Galaxy S23 5G (Cream, 256 GB)",967.99,3900,6.1
"SAMSUNG Galaxy S23 5G (Green, 256 GB)",967.99,3900,6.1
"SAMSUNG Galaxy S23 5G (LIGHT PINK, 256 GB)",967.99,3900,6.1
"SAMSUNG Galaxy S23 5G (Phantom Black, 256 GB)",967.99,3900,6.1
"itel A27 (Deep Gray, 32 GB)",64.12,4000,5.45
"I Kall 401 PRO DARK BLUE (Dark Blue, 64 GB)",78.64,4000,6.26
"vivo V21 5G (Dusk Blue, 128 GB)",290.28,4000,6.44
"vivo V21 5G (Sunset Dazzle, 128 GB)",338.68,4000,6.44
"itel A49 (Crystal Purple, 32 GB)",68.96,4000,6.6
"itel A49 (Dome Blue, 32 GB)",68.55,4000,6.6
"itel A49 (Sky Cyan, 32 GB)",68.96,4000,6.6
"MOTOROLA Edge 20 5G (Frosted Pearl, 128 GB)",254.09,4000,6.7
"MOTOROLA Edge 30 (Aurora Green, 128 GB)",304.91,4020,6.55
"MOTOROLA Edge 30 (Meteor Grey, 128 GB)",304.91,4020,6.55
"MOTOROLA edge 30 (Meteor Grey, 128 GB)",280.71,4020,6.55
"vivo V23e 5G (Sunshine Gold, 128 GB)",302.49,4050,6.44
"vivo Y75 (Dancing waves, 128 GB)",241.88,4050,6.44
"vivo Y75 (Moonlight Shadow, 128 GB)",241.88,4050,6.44
"LAVA BEU (ROSE PINK, 32 GB)",72.48,4060,6.08
"vivo V23 5G (Stardust Black, 128 GB)",375.1,4200,6.44
"OPPO A12 (Flowing Silver, 64 GB)",132.98,4230,6.22
"OPPO A12 (Flowing Silver, 64 GB)",132.98,4230,6.22
"OPPO A15s (Dynamic Black, 128 GB)",175.33,4230,6.52
"OPPO A15S (Fancy white, 128 GB)",155.96,4230,6.52
"OPPO A16E (Midnight Black, 32 GB)",120.88,4230,6.52
"OPPO A16E (White, 32 GB)",120.88,4230,6.52
"Mi 11 Lite (Tuscany Coral, 128 GB)",254.09,4250,6.55
"Xiaomi 11Lite NE (Diamond Dazzle, 128 GB)",253.98,4250,6.55
"Google Pixel 7 (Lemongrass, 128 GB)",689.69,4270,6.3
"Google Pixel 7 (Obsidian, 128 GB)",689.69,4270,6.3
"OPPO F19 Pro+ 5G (Fluid Black, 128 GB)",217.79,4310,6.43
"APPLE iPhone 14 Plus (Midnight, 128 GB)",980.09,4325,6.7
"APPLE iPhone 14 Plus (Purple, 128 GB)",980.09,4325,6.7
"APPLE iPhone 14 Plus (Starlight, 128 GB)",980.09,4325,6.7
"APPLE iPhone 14 Plus (Starlight, 256 GB)",1101.09,4325,6.7
"APPLE iPhone 14 Plus (Starlight, 256 GB)",1101.09,4325,6.7
"APPLE iPhone 13 Pro Max (Alpine Green, 512 GB)",1633.49,4352,6.7
"APPLE iPhone 14 Pro Max (Deep Purple, 128 GB)",1609.29,4352,6.7
"MOTOROLA Edge 30 Fusion (Cosmic grey, 128 GB)",483.99,4400,6.55
"MOTOROLA Edge 30 Fusion (Solar Gold, 128 GB)",483.99,4400,6.55
"MOTOROLA Edge 30 Fusion (Solar Gold, 128 GB)",483.99,4400,6.55
"Google Pixel 6a (Chalk, 128 GB)",366.62,4410,6.14
"Google Pixel 6a (Charcoal, 128 GB)",366.62,4410,6.14
"vivo Y100 5G (Pacific Blue, 128 GB)",302.49,4500,6.38
"vivo Y100 5G (Twilight Gold, 128 GB)",302.49,4500,6.38
"realme 9 Pro+ 5G (Aurora Green, 128 GB)",302.49,4500,6.4
"realme 9 Pro+ 5G (Aurora Green, 128 GB)",326.69,4500,6.4
"realme 9 Pro+ 5G (Aurora Green, 256 GB)",350.89,4500,6.4
"realme 9 Pro+ 5G (Midnight Black, 128 GB)",302.49,4500,6.4
"realme 9 Pro+ 5G (Midnight Black, 128 GB)",326.69,4500,6.4
"realme 9 Pro+ 5G (Midnight Black, 256 GB)",350.89,4500,6.4
"realme 9 Pro+ 5G (Sunrise Blue, 128 GB)",326.69,4500,6.4
"realme 9 Pro+ 5G (Sunrise Blue, 256 GB)",350.89,4500,6.4
"SAMSUNG Galaxy S21 FE 5G (Graphite, 128 GB)",483.99,4500,6.4
"SAMSUNG Galaxy S21 FE 5G (Lavender, 128 GB)",483.99,4500,6.4
"SAMSUNG Galaxy S21 FE 5G (Olive, 128 GB)",483.99,4500,6.4
"SAMSUNG Galaxy S21 FE 5G (White, 128 GB)",483.99,4500,6.4
"OPPO F21 Pro (Sunset Orange, 128 GB)",254.09,4500,6.43
"OPPO F21S PRO (Dawnlight Gold, 128 GB)",264.87,4500,6.43
"OPPO F21s Pro 5G (Starlight Black, 128 GB)",314.36,4500,6.43
"OPPO Reno8 5G (Shimmer Black, 128 GB)",362.99,4500,6.43
"OPPO Reno8 5G (Shimmer Gold, 128 GB)",362.99,4500,6.43
"SAMSUNG Galaxy A52 (Awesome Black, 128 GB)",308.43,4500,6.5
"SAMSUNG Galaxy A52 (Awesome Black, 128 GB)",326.69,4500,6.5
"SAMSUNG Galaxy A52 (Awesome Blue, 128 GB)",314.48,4500,6.5
"SAMSUNG Galaxy S20 FE 5G (Cloud Lavender, 128 GB)",387.07,4500,6.5
"SAMSUNG Galaxy S20 FE 5G (Cloud Navy, 128 GB)",377.22,4500,6.5
"Nothing Phone (1) (Black, 128 GB)",338.79,4500,6.55
"Nothing Phone (1) (Black, 256 GB)",350.89,4500,6.55
"Nothing Phone (1) (Black, 256 GB)",435.59,4500,6.55
"Nothing Phone (1) (White, 256 GB)",435.59,4500,6.55
"Nothing Phone (1) (White, 256 GB)",356.94,4500,6.55
"POCO F4 5G (Night Black, 128 GB)",314.59,4500,6.67
"POCO F4 5G (Night Black, 128 GB)",338.79,4500,6.67
"POCO F4 5G (Night Black, 256 GB)",362.99,4500,6.67
"Xiaomi 11i Hypercharge 5G (Stealth Black, 128 GB)",302.49,4500,6.67
"Infinix Zero 20 (Glitter Gold, 128 GB)",193.59,4500,6.7
"Infinix Zero 20 (Green Fantasy, 128 GB)",193.59,4500,6.7
"MOTOROLA Edge 30 Ultra (Interstellar Black, 256 GB)",725.99,4610,6.67
"vivo T1 Pro 5G (Turbo Black, 128 GB)",290.39,4700,6.44
"vivo T1 Pro 5G (Turbo Black, 128 GB)",302.49,4700,6.44
"vivo T1 Pro 5G (Turbo Cyan, 128 GB)",290.39,4700,6.44
"SAMSUNG Galaxy S23 Plus 5G (Cream, 256 GB)",1149.49,4700,6.6
"SAMSUNG Galaxy S23 Plus 5G (Phantom Black, 256 GB)",1149.49,4700,6.6
"IQOO Neo 6 5G (Cyber Rage, 128 GB)",365.42,4700,6.62
"IQOO Neo 6 5G (Cyber Rage, 128 GB)",362.99,4700,6.62
"IQOO Neo 6 5G (Cyber Rage, 256 GB)",414.79,4700,6.62
"IQOO Neo 6 5G (Dark Nova, 256 GB)",410.18,4700,6.62
"IQOO 9T 5G (ALPHA, 128 GB)",592.89,4700,6.78
"MOTOROLA Edge 30 Pro (Cosmos Blue, 128 GB)",429.54,4800,6.7
"MOTOROLA Edge 30 Pro (Stardust White, 128 GB)",429.54,4800,6.7
"OPPO Reno8T 5G (Midnight Black, 128 GB)",362.99,4800,6.7
"OPPO Reno8T 5G (Sunrise Gold, 128 GB)",362.99,4800,6.7
"Google Pixel 7 Pro (Hazel, 128 GB)",980.09,4926,6.7
"Google Pixel 7 Pro (Obsidian, 128 GB)",980.09,4926,6.7
"Google Pixel 7 Pro (Snow, 128 GB)",980.09,4926,6.7
"REDMI Note 12 Pro+ 5G (Arctic White, 256 GB)",399.29,4980,6.67
"REDMI Note 12 Pro+ 5G (Arctic White, 256 GB)",362.99,4980,6.67
"REDMI Note 12 Pro+ 5G (Iceberg Blue, 256 GB)",399.29,4980,6.67
"REDMI Note 12 Pro+ 5G (Obsidian Black, 256 GB)",399.29,4980,6.67
"REDMI Note 12 Pro+ 5G (Obsidian Black, 256 GB)",362.99,4980,6.67
"MarQ by Flipkart M3 Smart (M3) (Blue,32GB)( 2GB RAM)",66.54,5000,6.088
"Infinix Smart HD 2021 (Topaz Blue, 32 GB)",78.64,5000,6.1
"MOTOROLA g31 (Baby Blue, 128 GB)",145.19,5000,6.4
"MOTOROLA g31 (Baby Blue, 64 GB)",114.94,5000,6.4
"MOTOROLA g31 (Meteorite Grey, 128 GB)",145.19,5000,6.4
"MOTOROLA g31 (Meteorite Grey, 64 GB)",114.94,5000,6.4
"realme 10 (Clash White, 128 GB)",205.69,5000,6.4
"realme 10 (Clash White, 64 GB)",169.39,5000,6.4
"realme 10 (Rush Black, 128 GB)",205.69,5000,6.4
"realme 10 (Rush Black, 64 GB)",169.39,5000,6.4
"realme 8 (Cyber Black, 128 GB)",193.59,5000,6.4
"realme 8 (Cyber Silver, 128 GB)",205.69,5000,6.4
"realme 8 (Cyber Silver, 128 GB)",217.79,5000,6.4
"realme 9 (Meteor Black, 128 GB)",217.79,5000,6.4
"realme 9 (Meteor Black, 128 GB)",205.69,5000,6.4
"realme 9 (Stargaze White, 128 GB)",205.69,5000,6.4
"realme 9 (Sunburst Gold, 128 GB)",205.69,5000,6.4
"realme 9 (Sunburst Gold, 128 GB)",217.79,5000,6.4
"OPPO F19 (Midnight Blue, 128 GB)",181.38,5000,6.43
"OPPO F19 (Prism Black, 128 GB)",181.38,5000,6.43
"OPPO F19s (Glowing Gold, 128 GB)",241.99,5000,6.43
"POCO M4 Pro (Cool Blue, 128 GB)",163.34,5000,6.43
"POCO M4 Pro (Cool Blue, 128 GB)",181.49,5000,6.43
"POCO M4 Pro (Cool Blue, 64 GB)",145.19,5000,6.43
"POCO M4 Pro (Power Black, 128 GB)",181.49,5000,6.43
"POCO M4 Pro (Power Black, 128 GB)",199.64,5000,6.43
"POCO M4 Pro (Power Black, 64 GB)",181.49,5000,6.43
"POCO M4 Pro (Yellow, 128 GB)",163.34,5000,6.43
"POCO M4 Pro (Yellow, 128 GB)",181.49,5000,6.43
"POCO M4 Pro (Yellow, 64 GB)",145.19,5000,6.43
"REDMI Note 10S (Deep Sea Blue, 128 GB)",199.64,5000,6.43
"REDMI Note 10S (Deep Sea Blue, 128 GB)",199.64,5000,6.43
"REDMI Note 10S (Frost White, 128 GB)",199.64,5000,6.43
"REDMI Note 10S (Frost White, 64 GB)",157.29,5000,6.43
"REDMI Note 10S (Shadow Black, 128 GB)",199.64,5000,6.43
"REDMI Note 11 (Horizon Blue, 128 GB)",175.27,5000,6.43
"REDMI Note 11 (Horizon Blue, 64 GB)",150.85,5000,6.43
"REDMI Note 11 (Space Black, 64 GB)",154.5,5000,6.43
"REDMI Note 11 (Starburst White, 64 GB)",153.07,5000,6.43
"REDMI Note 11 SE (Cosmic White, 64 GB)",145.19,5000,6.43
"REDMI Note 11S (Horizon Blue, 128 GB)",198.38,5000,6.43
"IQOO Z6 44W (Lumina Blue, 128 GB)",174.12,5000,6.44
"IQOO Z6 44W (Ravan Black, 128 GB)",196.61,5000,6.44
"vivo T1 44W (Midnight Galaxy, 128 GB)",217.79,5000,6.44
"vivo T1 44W (Midnight Galaxy, 128 GB)",193.59,5000,6.44
"vivo T1 44W (Midnight Galaxy, 128 GB)",175.44,5000,6.44
"vivo T1 44W (Starry Sky, 128 GB)",217.79,5000,6.44
"vivo T1 44W (Starry Sky, 128 GB)",193.59,5000,6.44
"vivo T1 44W (Starry Sky, 128 GB)",175.44,5000,6.44
"MOTOROLA g42 (Atlantic Green, 64 GB)",133.09,5000,6.47
"MOTOROLA g42 (Metallic Rose, 64 GB)",133.09,5000,6.47
"MOTOROLA e13 (Aurora Green, 64 GB)",96.79,5000,6.5
"MOTOROLA e13 (Aurora Green, 64 GB)",84.69,5000,6.5
"MOTOROLA e13 (Cosmic Black, 64 GB)",84.69,5000,6.5
"MOTOROLA e13 (Cosmic Black, 64 GB)",96.79,5000,6.5
"MOTOROLA e13 (Creamy White, 64 GB)",96.79,5000,6.5
"MOTOROLA e13 (Creamy White, 64 GB)",84.69,5000,6.5
"MOTOROLA e22s (Eco Black, 64 GB)",133.09,5000,6.5
"MOTOROLA e32 (Arctic Blue, 64 GB)",108.89,5000,6.5
"MOTOROLA e40 (Carbon Gray, 64 GB)",108.89,5000,6.5
"MOTOROLA e40 (Pink Clay, 64 GB)",108.89,5000,6.5
"MOTOROLA g22 (Cosmic Black, 64 GB)",114.94,5000,6.5
"realme 8 5G (Supersonic Black, 128 GB)",199.64,5000,6.5
"realme 8 5G (Supersonic Blue, 128 GB)",199.64,5000,6.5
"realme 9 5G (Meteor Black, 64 GB)",193.59,5000,6.5
"realme 9 5G (Stargaze White, 64 GB)",193.59,5000,6.5
"realme 9 5G (Supersonic Black, 128 GB)",211.74,5000,6.5
"realme 9 5G (Supersonic Black, 64 GB)",193.59,5000,6.5
"realme 9 5G (Supersonic Blue, 64 GB)",193.59,5000,6.5
"realme C11 2021 (Cool Blue, 32 GB)",90.74,5000,6.5
"realme C11 2021 (Cool Blue, 64 GB)",108.89,5000,6.5
"realme C11 2021 (Cool Grey, 32 GB)",90.74,5000,6.5
"realme C11 2021 (Cool Grey, 64 GB)",108.89,5000,6.5
"realme C20 (Cool Grey, 32 GB)",90.74,5000,6.5
"realme C21 (Cross Black, 32 GB)",114.94,5000,6.5
"realme C21 (Cross Black, 64 GB)",127.04,5000,6.5
"realme C21 (Cross Blue, 32 GB)",114.94,5000,6.5
"realme C21Y (Cross Black, 32 GB)",114.94,5000,6.5
"realme C21Y (Cross Blue, 64 GB)",127.04,5000,6.5
"realme C25_Y (Glacier Blue, 64 GB)",133.09,5000,6.5
"realme C25_Y (Metal Grey, 64 GB)",133.09,5000,6.5
"Realme C30 - Locked with Airtel Prepaid (Bamboo Green, 32 GB)",67.14,5000,6.5
"Realme C30 - Locked with Airtel Prepaid (Denim Black, 32 GB)",67.14,5000,6.5
"realme C30 (Bamboo Green, 32 GB)",84.69,5000,6.5
"realme C30 (Bamboo Green, 32 GB)",72.59,5000,6.5
"realme C30 (Denim Black, 32 GB)",84.69,5000,6.5
"realme C30 (Lake Blue, 32 GB)",84.69,5000,6.5
"realme C30 (Lake Blue, 32 GB)",72.59,5000,6.5
"realme C30s (Stripe Black, 32 GB)",84.69,5000,6.5
"realme C30s (Stripe Black, 64 GB)",102.84,5000,6.5
"realme C30s (Stripe Blue, 32 GB)",84.69,5000,6.5
"realme C30s (Stripe Blue, 64 GB)",102.84,5000,6.5
"realme C33 (Aqua Blue, 64 GB)",120.99,5000,6.5
"realme C33 (Night Sea, 32 GB)",108.89,5000,6.5
"realme C33 (Sandy Gold, 32 GB)",108.89,5000,6.5
"realme Narzo 30 (Racing Blue, 128 GB)",187.54,5000,6.5
"realme Narzo 30 (Racing Blue, 64 GB)",163.34,5000,6.5
"realme Narzo 30 Pro 5G (Blade Silver, 128 GB)",241.99,5000,6.5
"realme Narzo 50i (Carbon Black, 32 GB)",83.25,5000,6.5
"realme Narzo 50i (Carbon Black, 64 GB)",108.89,5000,6.5
"realme Narzo 50i (Mint Green, 32 GB)",83.74,5000,6.5
"SAMSUNG Galaxy A03 (Black, 32 GB)",99.83,5000,6.5
"SAMSUNG Galaxy A03 (Blue, 32 GB)",102.4,5000,6.5
"SAMSUNG Galaxy A03 Core (Black, 32 GB)",81.36,5000,6.5
"SAMSUNG Galaxy A03 Core (Mint, 32 GB)",80.57,5000,6.5
"SAMSUNG Galaxy A03 Core (Onyx, 32 GB)",81.65,5000,6.5
"SAMSUNG Galaxy A04e (Copper, 128 GB)",139.14,5000,6.5
"SAMSUNG Galaxy A04e (Light Blue, 128 GB)",139.14,5000,6.5
"SAMSUNG Galaxy A12 (Black, 128 GB)",180.17,5000,6.5
"SAMSUNG Galaxy A53 (Awesome Blue, 256 GB)",423.49,5000,6.5
"SAMSUNG Galaxy F04 (Jade Purple, 64 GB)",108.89,5000,6.5
"SAMSUNG Galaxy F04 (Opal Green, 64 GB)",108.89,5000,6.5
"SAMSUNG Galaxy M04 (Dark Blue, 128 GB)",131.5,5000,6.5
"SAMSUNG Galaxy M04 (Light Green, 128 GB)",131.77,5000,6.5
"SAMSUNG Galaxy M04 (Light Green, 64 GB)",111.79,5000,6.5
"SAMSUNG GALAXY M13 5G (Aqua Green, 64 GB)",153.52,5000,6.5
"MOTOROLA G30 (Dark Pearl, 64 GB)",133.09,5000,6.51
"vivo Y01 (Elegant Black, 32 GB)",96.79,5000,6.51
"vivo Y01A (Sapphire Blue, 32 GB)",99.83,5000,6.51
"vivo Y15s (Mystic Blue, 32 GB)",114.94,5000,6.51
"vivo Y15s (Wave Green, 32 GB)",114.94,5000,6.51
"vivo Y16 (Drizzling Gold, 64 GB)",137.07,5000,6.51
"vivo Y16 (Drizzling Gold, 64 GB)",151.24,5000,6.51
"vivo Y16 (Steller Black, 32 GB)",120.99,5000,6.51
"vivo Y16 (Steller Black, 64 GB)",133.09,5000,6.51
"vivo Y16 (Steller Black, 64 GB)",151.12,5000,6.51
"vivo Y21 (Diamond Glow, 64 GB)",153.43,5000,6.51
"vivo Y21G (Diamond Glow, 64 GB)",163.34,5000,6.51
"vivo Y21G (Midnight Blue, 64 GB)",156.03,5000,6.51
"LAVA Z2 (Flame Red, 32 GB)",96.79,5000,6.517
"Infinix Smart 5A (Midnight Black, 32 GB)",87.11,5000,6.52
"Infinix Smart 5A (Quetzal Cyan, 32 GB)",87.11,5000,6.52
"Micromax IN 2B (Blue, 64 GB)",84.69,5000,6.52
"Micromax IN 2C (Brown, 32 GB)",72.59,5000,6.52
"Micromax IN 2C (Silver, 32 GB)",72.59,5000,6.52
"OPPO A16 (Crystal Black, 64 GB)",157.18,5000,6.52
"POCO C50 (Country Green, 32 GB)",84.69,5000,6.52
"POCO C50 (Country Green, 32 GB)",75.61,5000,6.52
"POCO C50 (Royal Blue, 32 GB)",84.69,5000,6.52
"POCO C50 (Royal Blue, 32 GB)",75.61,5000,6.52
"realme C31 (Dark Green, 32 GB)",112.52,5000,6.52
"realme C31 (Dark Green, 64 GB)",120.99,5000,6.52
"realme C31 (Light Silver, 32 GB)",112.52,5000,6.52
"realme C31 (Light Silver, 64 GB)",120.99,5000,6.52
"REDMI A1 (Black, 32 GB)",78.64,5000,6.52
"REDMI A1 (Light Green, 32 GB)",78.64,5000,6.52
"REDMI A1+ (Light Blue, 32 GB)",90.74,5000,6.52
"REDMI A1+ (Light Green, 32 GB)",102.84,5000,6.52
"REDMI A1+ (Light Green, 32 GB)",90.74,5000,6.52
"Tecno Spark Go 2022 (Iris Purple, 32 GB)",81.06,5000,6.52
"POCO C31 (Royal Blue, 64 GB)",90.74,5000,6.53
"POCO C31 (Shadow Gray, 32 GB)",78.64,5000,6.53
"POCO C31 (Shadow Gray, 64 GB)",90.74,5000,6.53
"REDMI 10A (Charcoal Black, 32 GB)",93.1,5000,6.53
"REDMI 10A (Slate Grey, 32 GB)",93.16,5000,6.53
"REDMI 10A (Slate grey, 64 GB)",104,5000,6.53
"REDMI 10A SPORT (SLATE GREY, 128 GB)",130.32,5000,6.53
"REDMI 9 Activ (Carbon Black, 128 GB)",127.04,5000,6.53
"REDMI 9 Activ (Carbon Black, 64 GB)",110.68,5000,6.53
"REDMI 9 Activ (Carbon Black, 64 GB)",109.9,5000,6.53
"REDMI 9 Activ (Coral Green, 128 GB)",127.04,5000,6.53
"REDMI 9 Activ (Metallic Purple, 128 GB)",127.04,5000,6.53
"Redmi 9A (Midnight Black, 32 GB)",94.25,5000,6.53
"Redmi 9A (Nature Green, 32 GB)",96.68,5000,6.53
"Redmi 9A Sport (Carbon Black, 32 GB)",88.2,5000,6.53
"Redmi 9A Sport (Carbon Black, 32 GB)",88.61,5000,6.53
"Redmi 9A Sport (Coral Green, 32 GB)",84.4,5000,6.53
"Redmi 9A Sport (Coral Green, 32 GB)",89.1,5000,6.53
"REDMI 9i Sport (Carbon Black, 64 GB)",90.74,5000,6.53
"REDMI 9i Sport (Coral Green, 64 GB)",90.74,5000,6.53
"MOTOROLA G32 (Mineral Gray, 64 GB)",127.04,5000,6.55
"MOTOROLA G62 5G (Frosted Blue, 128 GB)",193.59,5000,6.55
"MOTOROLA G62 5G (Midnight Gray, 128 GB)",193.59,5000,6.55
"MOTOROLA G62 5G (Midnight Gray, 128 GB)",181.49,5000,6.55
"MOTOROLA g72 (Meteorite Grey, 128 GB)",193.59,5000,6.55
"MOTOROLA g72 (Polar Blue, 128 GB)",193.59,5000,6.55
"vivo Y22 (Metaverse Green, 128 GB)",199.64,5000,6.55
"vivo Y22 (Starlit Blue, 128 GB)",198.95,5000,6.55
"OPPO A17 (Midnight Black, 64 GB)",151.24,5000,6.56
"OPPO A17 (Sunlight Orange, 64 GB)",151.24,5000,6.56
"OPPO A17k (Gold, 64 GB)",114.94,5000,6.56
"OPPO A17k (Navy Blue, 64 GB)",114.94,5000,6.56
"OPPO A57 (Glowing Black, 64 GB)",169.39,5000,6.56
"OPPO A57 (Glowing Gold, 64 GB)",169.39,5000,6.56
"OPPO A57 (Glowing Green, 64 GB)",169.39,5000,6.56
"OPPO A76 (Glowing Black, 128 GB)",211.74,5000,6.56
"OPPO A77 (Sky Blue, 64 GB)",187.54,5000,6.56
"OPPO A77s (Starry Black, 128 GB)",217.79,5000,6.56
"OPPO A77s (Sunset Orange, 128 GB)",217.79,5000,6.56
"OPPO K10 5G (Ocean Blue, 128 GB)",214.16,5000,6.56
"REDMI Note 10T 5G (Metallic Blue, 64 GB)",157.29,5000,6.56
"REDMI Note 10T 5G (Mint Green, 128 GB)",181.49,5000,6.56
"Tecno Pop 6 Pro (Peaceful Blue, 32 MB)",84.08,5000,6.56
"Tecno Spark 8 (Turquoise Cyan, 64 GB)",107.68,5000,6.56
"Tecno Spark Go 2022 (Atlantic Blue, 32 GB)",83.07,5000,6.56
"Tecno Spark Go 2022 (ice silver, 32 GB)",83.48,5000,6.56
"POCO M4 5G (Cool Blue, 128 GB)",169.39,5000,6.58
"POCO M4 5G (Power Black, 128 GB)",169.39,5000,6.58
"POCO M4 5G (Power Black, 64 GB)",145.19,5000,6.58
"POCO M4 5G (Yellow, 128 GB)",169.39,5000,6.58
"POCO M4 5G (Yellow, 64 GB)",145.19,5000,6.58
"POCO M5 (Icy Blue, 128 GB)",157.29,5000,6.58
"POCO M5 (Icy Blue, 64 GB)",133.09,5000,6.58
"POCO M5 (Power Black, 64 GB)",133.09,5000,6.58
"POCO M5 (Yellow, 128 GB)",157.29,5000,6.58
"POCO M5 (Yellow, 64 GB)",133.09,5000,6.58
"REDMI 11 Prime 5G (Meadow Green, 128 GB)",217.79,5000,6.58
"REDMI 11 Prime 5G (Thunder Black, 128 GB)",205.52,5000,6.58
"REDMI 11 Prime 5G (Thunder Black, 64 GB)",164.57,5000,6.58
"vivo T1 5G (Rainbow Fantasy, 128 GB)",253.98,5000,6.58
"vivo T1 5G (Silky White, 128 GB)",193.48,5000,6.58
"vivo T1 5G (Starlight Black, 128 GB)",193.48,5000,6.58
"vivo T1 5G (Starlight Black, 128 GB)",241.88,5000,6.58
"vivo T1 5G (Starlight Black, 128 GB)",205.58,5000,6.58
"vivo T1X (Gravity Black, 128 GB)",181.49,5000,6.58
"vivo T1X (Gravity Black, 128 GB)",157.29,5000,6.58
"vivo T1X (Gravity Black, 64 GB)",145.19,5000,6.58
"vivo T1X (Space Blue, 128 GB)",181.49,5000,6.58
"vivo T1X (Space Blue, 128 GB)",157.29,5000,6.58
"vivo T1X (Space Blue, 64 GB)",145.19,5000,6.58
"vivo Y21T (Midnight Blue, 128 GB)",187.54,5000,6.58
"vivo Y21T (Pearl White, 128 GB)",187.54,5000,6.58
"vivo Y33s (Midday Dream, 128 GB)",229.78,5000,6.58
"vivo Y33s (Mirror Black, 128 GB)",184.39,5000,6.58
"vivo Y33T (Mid day dream, 128 GB)",217.67,5000,6.58
"vivo Y33T (Mirror Black, 128 GB)",202.66,5000,6.58
"vivo Y33T (Starry Gold, 128 GB)",203.16,5000,6.58
"vivo Y53s (Deep Sea Blue, 128 GB)",187.43,5000,6.58
"OnePlus Nord CE 2 Lite 5G (Black Dusk, 128 GB)",241.75,5000,6.59
"OnePlus Nord CE 2 Lite 5G (Blue Tide, 128 GB)",241.82,5000,6.59
"OPPO K10 (Black Carbon, 128 GB)",182.7,5000,6.59
"OPPO K10 (Blue Flame, 128 GB)",182.7,5000,6.59
"Infinix Hot 12 Pro (Electric Blue, 128 GB)",148.82,5000,6.6
"Infinix Hot 12 Pro (Halo White, 128 GB)",148.82,5000,6.6
"Infinix Hot 12 Pro (Halo White, 64 GB)",118.57,5000,6.6
"Infinix Hot 12 Pro (Racing Black, 64 GB)",118.57,5000,6.6
"Infinix Hot 20 5G (Blaster Green, 128 GB)",157.29,5000,6.6
"Infinix HOT 20 5G (Blaster Green, 64 GB)",133.09,5000,6.6
"Infinix Hot 20 5G (Racing Black, 128 GB)",157.29,5000,6.6
"Infinix HOT 20 5G (Racing Black, 64 GB)",133.09,5000,6.6
"Infinix Hot 20 5G (Space Blue, 128 GB)",157.29,5000,6.6
"Infinix Smart 6 (Heart Of Ocean, 64 GB)",84.69,5000,6.6
"Infinix Smart 6 (Polar Black, 64 GB)",84.69,5000,6.6
"Infinix Smart 6 (Starry Purple, 64 GB)",84.69,5000,6.6
"Infinix Smart 6 HD (Aqua Sky, 32 GB)",67.75,5000,6.6
"Infinix Smart 6 HD (Force Black, 32 GB)",67.75,5000,6.6
"Infinix Smart 6 HD (Origin Blue, 32 GB)",67.75,5000,6.6
"itel Vision 3 (Deep Ocean Black, 64 GB)",83.05,5000,6.6
"itel Vision 3 (Multi Green, 64 GB)",83.62,5000,6.6
"itel Vision3 (Deep Ocean Black, 32 GB)",70.76,5000,6.6
"itel Vision3 (Jewel Blue, 32 GB)",69.88,5000,6.6
"itel Vision3 (Multi Green, 32 GB)",70.77,5000,6.6
"MOTOROLA g52 (Charcoal Grey, 128 GB)",157.29,5000,6.6
"MOTOROLA g52 (Metallic White, 64 GB)",133.09,5000,6.6
"MOTOROLA g82 5G (Meterorite Grey, 128 GB)",250.46,5000,6.6
"MOTOROLA g82 5G (Meterorite Grey, 128 GB)",232.31,5000,6.6
"MOTOROLA g82 5G (White Lily, 128 GB)",250.46,5000,6.6
"MOTOROLA g82 5G(White Lily, 128 GB)",232.31,5000,6.6
"POCO M4 Pro 5G (Cool Blue, 128 GB)",193.59,5000,6.6
"POCO M4 Pro 5G (Cool Blue, 128 GB)",187.54,5000,6.6
"POCO M4 Pro 5G (Cool Blue, 64 GB)",157.29,5000,6.6
"POCO M4 Pro 5G (Power Black, 128 GB)",193.59,5000,6.6
"POCO M4 Pro 5G (Power Black, 128 GB)",205.69,5000,6.6
"POCO M4 Pro 5G (Power Black, 64 GB)",181.49,5000,6.6
"POCO M4 Pro 5G (Yellow, 128 GB)",181.49,5000,6.6
"POCO M4 Pro 5G (Yellow, 64 GB)",157.29,5000,6.6
"realme 8i (Space Black, 128 GB)",193.59,5000,6.6
"realme 8i (Space Purple, 64 GB)",169.39,5000,6.6
"realme 9 5G SE (Azure Glow, 128 GB)",278.29,5000,6.6
"realme 9 5G SE (Azure Glow, 128 GB)",241.99,5000,6.6
"realme 9 5G SE (Starry Glow, 128 GB)",278.29,5000,6.6
"realme 9 5G SE (Starry Glow, 128 GB)",241.99,5000,6.6
"realme 9 Pro 5G (Aurora Green, 128 GB)",254.09,5000,6.6
"realme 9 Pro 5G (Aurora Green, 128 GB)",229.89,5000,6.6
"realme 9 Pro 5G (Midnight Black, 128 GB)",229.89,5000,6.6
"realme 9 Pro 5G (Midnight Black, 128 GB)",254.09,5000,6.6
"realme 9i (Prism Black, 128 GB)",193.59,5000,6.6
"realme 9i (Prism Black, 128 GB)",181.49,5000,6.6
"realme 9i (Prism Blue, 128 GB)",181.49,5000,6.6
"realme 9i (Prism Blue, 128 GB)",193.59,5000,6.6
"realme 9i (Prism Blue, 64 GB)",163.34,5000,6.6
"realme 9i 5G (Metallica Gold, 128 GB)",205.69,5000,6.6
"realme 9i 5G (Metallica Gold, 64 GB)",181.49,5000,6.6
"realme 9i 5G (Rocking Black, 128 GB)",205.69,5000,6.6
"realme 9i 5G (Rocking Black, 64 GB)",181.49,5000,6.6
"realme 9i 5G (Soulful Blue, 64 GB)",181.49,5000,6.6
"realme C35 (Glowing Black, 128 GB)",169.39,5000,6.6
"realme C35 (Glowing Black, 128 GB)",157.29,5000,6.6
"realme C35 (Glowing Black, 64 GB)",145.19,5000,6.6
"realme C35 (Glowing Green, 128 GB)",169.39,5000,6.6
"realme C35 (Glowing Green, 128 GB)",157.29,5000,6.6
"realme C35 (Glowing Green, 64 GB)",145.19,5000,6.6
"realme Narzo 50 (Speed Black, 128 GB)",187.54,5000,6.6
"realme Narzo 50 (Speed Black, 64 GB)",140.83,5000,6.6
"realme Narzo 50 (Speed Blue, 128 GB)",187.54,5000,6.6
"realme Narzo 50 (Speed Blue, 64 GB)",142.48,5000,6.6
"realme narzo 50 5G (Hyper Black, 64 GB)",180.57,5000,6.6
"realme narzo 50 5G (Hyper Blue, 128 GB)",205.58,5000,6.6
"realme Narzo 50A Prime (Flash Black, 64 GB)",138.22,5000,6.6
"realme NARZO 50A PRIME (FLASH BLUE, 64 GB)",140.77,5000,6.6
"REDMI Note 11T 5G (Matte black, 128 GB)",220.81,5000,6.6
"SAMSUNG Galaxy A13 (Black, 128 GB)",199.64,5000,6.6
"SAMSUNG Galaxy A13 (Blue, 128 GB)",181.49,5000,6.6
"SAMSUNG Galaxy A13 (Blue, 128 GB)",199.64,5000,6.6
"SAMSUNG Galaxy A13 (Peach, 128 GB)",199.64,5000,6.6
"SAMSUNG Galaxy A13 (Peach, 64 GB)",175.44,5000,6.6
"SAMSUNG Galaxy A14 5G (Black, 128 GB)",254.09,5000,6.6
"SAMSUNG Galaxy A14 5G (Dark Red, 128 GB)",229.89,5000,6.6
"SAMSUNG Galaxy A14 5G (Light Green, 64 GB)",199.64,5000,6.6
"SAMSUNG Galaxy A23 (Peach, 128 GB)",223.84,5000,6.6
"SAMSUNG Galaxy A23 (Peach, 128 GB)",241.99,5000,6.6
"SAMSUNG Galaxy A23 5G (Light Blue, 128 GB)",278.29,5000,6.6
"SAMSUNG Galaxy A23 5G (Orange, 128 GB)",278.29,5000,6.6
"SAMSUNG Galaxy A23 5G (Silver, 128 GB)",302.49,5000,6.6
"SAMSUNG Galaxy A23 5G (Silver, 128 GB)",278.29,5000,6.6
"SAMSUNG Galaxy F23 5G (Aqua Blue, 128 GB)",193.59,5000,6.6
"SAMSUNG Galaxy F23 5G (Copper Blush, 128 GB)",193.59,5000,6.6
"SAMSUNG Galaxy F23 5G (Copper Blush, 128 GB)",181.49,5000,6.6
"SAMSUNG Galaxy F23 5G (Copper Blush, 128 GB)",204.48,5000,6.6
"SAMSUNG Galaxy F23 5G (Forest Green, 128 GB)",181.49,5000,6.6
"SAMSUNG Galaxy F23 5G (Forest Green, 128 GB)",204.48,5000,6.6
"SAMSUNG Galaxy F42 5G (Matte Aqua, 128 GB)",278.29,5000,6.6
"Tecno Spark 8C (Diamond Grey, 64 GB)",95.58,5000,6.6
"Tecno Spark 8C (Diamond Grey, 64 GB)",107.54,5000,6.6
"Tecno Spark 8C (Iris Purple, 64 GB)",106.47,5000,6.6
"Tecno Spark 8C (Magnet Black, 64 GB)",99.21,5000,6.6
"Tecno Spark 8C (Turquoise Cyan, 64 GB)",98.49,5000,6.6
"Tecno Spark 8P (Turquoise Cyan, 64 GB)",108.89,5000,6.6
"Tecno Spark 8T (Atlantic Blue, 64 GB)",114.83,5000,6.6
"Tecno Spark 9 (Sky Mirror, 128 GB)",117.31,5000,6.6
"Tecno Spark 9T (Atlantic Blue, 64 GB)",112.35,5000,6.6
"Tecno Spark 9T (Turquoise Cyan, 64 GB)",108.89,5000,6.6
"realme GT 2 (Paper Green, 128 GB)",326.69,5000,6.62
"realme GT 2 (Paper White, 128 GB)",326.69,5000,6.62
"realme GT 2 (Steel Black, 128 GB)",326.69,5000,6.62
"realme GT 2 (Steel Black, 256 GB)",375.09,5000,6.62
"realme GT Neo 3T (Dash Yellow, 128 GB)",302.49,5000,6.62
"realme GT Neo 3T (Dash Yellow, 256 GB)",344.84,5000,6.62
"realme GT Neo 3T (Drifting White, 128 GB)",302.49,5000,6.62
"realme GT Neo 3T (Drifting White, 256 GB)",344.84,5000,6.62
"realme GT Neo 3T (Shade Black, 128 GB)",302.49,5000,6.62
"realme GT Neo 3T (Shade Black, 128 GB)",320.64,5000,6.62
"realme GT Neo 3T (Shade Black, 256 GB)",344.84,5000,6.62
"Micromax IN Note 1 (White, 64 GB)",139.14,5000,6.67
"POCO M2 Pro (Green and Greener, 128 GB)",241.99,5000,6.67
"POCO X4 Pro 5G (Laser Blue, 128 GB)",223.84,5000,6.67
"POCO X4 Pro 5G (Laser Blue, 64 GB)",193.59,5000,6.67
"POCO X4 Pro 5G (Yellow, 128 GB)",205.69,5000,6.67
"POCO X4 Pro 5G (Yellow, 64 GB)",193.59,5000,6.67
"POCO X5 Pro 5G (Astral Black, 128 GB)",278.29,5000,6.67
"POCO X5 Pro 5G (Astral Black, 256 GB)",302.49,5000,6.67
"POCO X5 Pro 5G (Horizon Blue, 256 GB)",302.49,5000,6.67
"POCO X5 Pro 5G (Yellow, 128 GB)",278.29,5000,6.67
"REDMI Note 11 Pro (Star blue, 128 GB)",221.43,5000,6.67
"REDMI Note 11 Pro (Stealth Black, 128 GB)",217.68,5000,6.67
"Redmi Note 11 PRO Plus 5G (Stealth Black, 128 GB)",264.99,5000,6.67
"REDMI Note 12 5G (Frosted Green, 128 GB)",209.32,5000,6.67
"REDMI Note 12 5G (Matte Black, 128 GB)",247.47,5000,6.67
"REDMI Note 12 Pro 5G (Glacier Blue, 128 GB)",302.49,5000,6.67
"REDMI Note 12 Pro 5G (Onyx Black, 128 GB)",302.49,5000,6.67
"REDMI Note 12 Pro 5G (Onyx Black, 128 GB)",326.69,5000,6.67
"REDMI Note 12 Pro 5G (Stardust Purple, 128 GB)",302.49,5000,6.67
"REDMI Note 12 Pro 5G (Stardust Purple, 256 GB)",338.79,5000,6.67
"IQOO Z6 Lite 5G (Without Charger) (Stellar Green, 64 GB)",174.12,5000,6.68
"Infinix Note 12 (Force Black, 128 GB)",151.24,5000,6.7
"Infinix Note 12 (Force Black, 64 GB)",136.72,5000,6.7
"Infinix Note 12 (Jewel Blue, 128 GB)",151.24,5000,6.7
"Infinix Note 12 (Jewel Blue, 64 GB)",136.72,5000,6.7
"Infinix Note 12 5G (Force Black, 64 GB)",157.29,5000,6.7
"Infinix Note 12 5G (Snowfall, 64 GB)",157.29,5000,6.7
"Infinix Note 12 Pro (Volcanic Grey, 256 GB)",188.75,5000,6.7
"Infinix Note 12 Pro 5G (Force Black, 128 GB)",205.69,5000,6.7
"Infinix Note 12 Pro 5G (Snowfall, 128 GB)",205.69,5000,6.7
"Infinix Note 12 TURBO (Snowfall, 128 GB)",181.49,5000,6.7
"Infinix NOTE 12i (Force Black, 64 GB)",120.99,5000,6.7
"OnePlus 10 Pro 5G (Emerald Forest, 256 GB)",810.69,5000,6.7
"OnePlus 10 Pro 5G (Volcanic Black, 128 GB)",689.69,5000,6.7
"OnePlus 10R (Forest Green, 128 GB)",435.59,5000,6.7
"OnePlus 10R (Sierra Black, 128 GB)",417.21,5000,6.7
"OnePlus 10R 5G (Sierra Black, 128 GB)",415.62,5000,6.7
"realme 10 Pro+ 5G (Dark Matter, 128 GB)",302.49,5000,6.7
"realme 10 Pro+ 5G (Hyperspace, 128 GB)",314.59,5000,6.7
"realme 10 Pro+ 5G (Hyperspace, 128 GB)",302.49,5000,6.7
"SAMSUNG Galaxy A73 5G (Awesome Gray, 128 GB)",508.19,5000,6.7
"SAMSUNG Galaxy A73 5G (Awesome Mint, 128 GB)",508.19,5000,6.7
"realme 10 Pro 5G (Dark Matter, 128 GB)",241.99,5000,6.72
"realme 10 Pro 5G (Dark Matter, 128 GB)",229.89,5000,6.72
"realme 10 Pro 5G (Hyperspace, 128 GB)",229.89,5000,6.72
"realme 10 Pro 5G (Nebula Blue, 128 GB)",241.99,5000,6.72
"realme 10 Pro 5G (Nebula Blue, 128 GB)",229.89,5000,6.72
"Infinix Hot 11S (Polar Black, 128 GB)",145.19,5000,6.78
"Infinix Hot 11S (Silver Wave, 128 GB)",145.19,5000,6.78
"Infinix Hot 11S (Silver Wave, 64 GB)",133.09,5000,6.78
"Infinix Zero 5G 2023 (Submariner Black, 128 GB)",217.79,5000,6.78
"MOTOROLA G51 5G (Indigo Blue, 64 GB)",157.29,5000,6.8
"Tecno Camon 19 (Memphis Green, 128 GB)",169.34,5000,6.8
"Tecno Camon 19 (Sea Salt White, 128 GB)",169.27,5000,6.8
"Tecno Spark 8 Pro (Turquoise Cyan, 64 GB)",119.06,5000,6.8
"I Kall Z18 (Jude Green, 64 GB)",82.27,5000,6.82
"Infinix Smart 6 Plus (Miracle Black, 64 GB)",100.42,5000,6.82
"Infinix Smart 6 Plus (Tranquil Sea Blue, 64 GB)",100.42,5000,6.82
"Infinix Note 11s (Mithril Grey, 64 GB)",169.39,5000,6.95
"Infinix Note 11s Free Fire Edition (Haze Green, 128 GB)",193.59,5000,6.95
"Infinix Note 11s Free Fire Edition (Mithril Grey, 128 GB)",193.59,5000,6.95
"REDMI Note 9 (Pebble Grey, 128 GB)",181.49,5020,6.53
"REDMI Note 9 (Scarlet Red, 128 GB)",163.34,5020,6.53
"REDMI Note 9 (Shadow Black, 128 GB)",181.49,5020,6.53
"REDMI Note 10 Pro (Vintage Bronze, 128 GB)",217.79,5020,6.67
"Nokia C21 Plus (Warm Grey, 64 GB)",127.04,5050,6.57
"REDMI K50i (Phantom Blue, 256 GB)",325.37,5080,6.6
"Infinix Hot 11 (Emerald Green, 64 GB)",120.99,5200,6.6
"Infinix Hot 11 (Silver Wave, 64 GB)",120.99,5200,6.6
"SAMSUNG Galaxy F22 (Denim Blue, 128 GB)",163.34,6000,6.4
"SAMSUNG Galaxy F22 (Denim Blue, 64 GB)",139.14,6000,6.4
"SAMSUNG Galaxy M32 Prime Edition (Black, 64 GB)",153.94,6000,6.4
"SAMSUNG Galaxy M32 Prime Edition (Light Blue, 64 GB)",152.3,6000,6.4
"SAMSUNG Galaxy M32 Prime Edition (Light Blue, 64 GB)",140,6000,6.4
"realme C25s (Watery Grey, 128 GB)",145.19,6000,6.5
"REDMI 10 Prime (Bifrost Blue, 128 GB)",181.38,6000,6.5
"REDMI 10 Prime (Phantom Black, 128 GB)",157.29,6000,6.5
"REDMI 10 Prime 2022 (Astral White, 64 GB)",157.18,6000,6.5
"SAMSUNG Galaxy F12 (Sky Blue, 128 GB)",139.14,6000,6.515
"realme C15 (Power Blue, 32 GB)",121.59,6000,6.52
"Tecno Pop 5 Pro (Ice Blue, 32 GB)",85.9,6000,6.52
"SAMSUNG Galaxy F13 (Nightsky Green, 128 GB)",129.46,6000,6.6
"SAMSUNG Galaxy F13 (Sunrise Copper, 128 GB)",129.46,6000,6.6
"SAMSUNG Galaxy F13 (Sunrise Copper, 64 GB)",117.36,6000,6.6
"SAMSUNG Galaxy F13 (Waterfall Blue, 128 GB)",129.46,6000,6.6
"SAMSUNG Galaxy F13 (Waterfall Blue, 64 GB)",117.36,6000,6.6
"SAMSUNG GALAXY M13 (Aqua Green, 64 GB)",134.3,6000,6.6
"SAMSUNG GALAXY M13 (Midnight Blue, 64 GB)",132.86,6000,6.6
"SAMSUNG Galaxy M33 5G (Deep Ocean Blue, 128 GB)",205.92,6000,6.6
"SAMSUNG Galaxy M33 5G (Deep Ocean Blue, 128 GB)",227.99,6000,6.6
"SAMSUNG Galaxy M33 5G (Emarld Brown, 128 GB)",206.63,6000,6.6
"SAMSUNG Galaxy M33 5G (Mystique Green, 128 GB)",229.2,6000,6.6
"POCO X3 (Cobalt Blue, 64 GB)",241.99,6000,6.67
"REDMI 10 (Caribbean Green, 128 GB)",145.19,6000,6.7
"REDMI 10 (Caribbean Green, 64 GB)",120.99,6000,6.7
"REDMI 10 (Midnight Black, 64 GB)",120.99,6000,6.7
"REDMI 10 (Pacific Blue, 128 GB)",145.19,6000,6.7
"REDMI 10 (Pacific Blue, 64 GB)",120.99,6000,6.7
"MOTOROLA G40 Fusion (Frosted Champagne, 128 GB)",199.64,6000,6.78
"MOTOROLA G40 Fusion (Frosted Champagne, 64 GB)",175.44,6000,6.78
"MOTOROLA G60 (Moonless, 128 GB)",193.59,6000,6.78
"MOTOROLA G60 (Dynamic Gray, 128 GB)",193.59,6000,6.8
"Infinix Hot 12 (7?ï¿½ Purple, 64 GB)",108.89,6000,6.82
"Infinix Hot 12 (Exploratory Blue, 64 GB)",108.89,6000,6.82
"Infinix HOT 12 Play (Daylight Green, 64 GB)",108.89,6000,6.82
"Infinix HOT 12 Play (Racing Black, 64 GB)",108.89,6000,6.82
"Infinix HOT 20 Play (Aurora Green, 64 GB)",99.21,6000,6.82
"Infinix HOT 20 Play (Fantasy Purple, 64 GB)",108.89,6000,6.82
"Infinix HOT 20 Play (Luna Blue, 64 GB)",99.21,6000,6.82
"Infinix HOT 20 Play (Racing Black, 64 GB)",99.21,6000,6.82
"LAVA Z2 Max (Stroked Blue, 32 GB)",94.37,6000,7
"Tecno Pova 3 (Eco Black, 128 GB)",163.17,7000,6.9
"Tecno Pova 3 (Tech Silver, 128 GB)",168.17,7000,6.9
"Tecno Pova 3 (Tech Silver, 64 GB)",139.03,7000,6.9
,,,
